two_letter,three_letter,four_letter,five_letter,six_letter,seven_letter,hyphenated,special,sat_words
to,cat,play,smile,create,perfect,well-known,it's,abate
of,dog,work,write,design,complex,high-tech,you're,abdicate
at,run,home,learn,build,awesome,part-time,that's,aberration
in,sky,book,teach,search,improve,low-cost,what's,abstain
on,sea,road,study,gather,explore,open-plan,let's,adversity
is,air,park,focus,manage,deliver,co-worker,who's,aesthetic
as,fun,time,share,review,project,stand-up,here's,amicable
by,joy,love,guide,expand,support,check-in,there,anachronistic
up,win,star,trust,vision,develop,add-on,okay,arid
we,try,moon,build,format,achieve,sign-off,hey,asylum
be,fly,wind,value,secure,monitor,drop-in,oh,benevolent
he,pen,fire,boost,access,control,carry-on,ah,bias
she,sun,rain,spark,launch,execute,hand-off,uh,boisterous
it,hat,door,trend,supply,reflect,take-off,mm,brazen
me,bed,tree,grow,verify,advance,pop-up,yo,brusque
us,car,fish,scale,modify,resolve,run-through,hi,camaraderie
so,pie,ship,shape,ensure,enhance,go-ahead,yo,canny
do,tea,desk,frame,adjust,prepare,step-up,shh,capricious
if,egg,wall,craft,enable,operate,wrap-up,psst,castigate
or,ant,hill,forge,update,display,check-out,boo,caustic
an,ice,leaf,prime,engage,collect,tie-in,,circumspect
no,owl,gate,trend,filter,restore,plug-in,,complicity
go,bee,pond,chart,select,analyze,roll-out,,conflagration
hi,fox,cave,match,record,publish,add-in,,congenial
ok,elk,rock,group,format,upgrade,link-up,,consecrate
am,rat,clay,brand,assess,connect,sign-up,,constraint
pm,hen,port,style,modify,improve,log-in,,contentious
tv,ape,deck,focus,review,support,pop-in,,contrite
cd,emu,arch,guide,expand,develop,run-in,,conundrum
dj,gnu,beam,share,manage,achieve,step-in,,copious
mr,asp,loop,teach,create,perfect,check-in,,credulity
ms,elk,grid,learn,design,complex,take-in,,decorum
dr,owl,pond,write,build,awesome,roll-in,,defunct
re,ant,fire,smile,search,improve,add-on,,deign
ex,pen,wind,study,gather,explore,link-in,,delineate
ad,sky,home,focus,manage,deliver,sign-in,,derivative
id,sea,book,teach,search,improve,check-out,,desultory
ox,run,play,smile,create,perfect,wrap-up,,deterrent
ax,cat,work,write,design,complex,step-up,,diatribe
oh,dog,home,learn,build,awesome,run-through,,digression
ah,run,book,study,gather,explore,go-ahead,,discerning
eh,sky,road,focus,manage,deliver,stand-up,,disparity
uh,sea,park,share,review,project,hand-off,,divulge
mm,air,fire,guide,expand,support,take-off,,ebullient
yo,fun,time,trust,vision,develop,carry-on,,eloquent
hi,joy,love,build,format,achieve,pop-up,,elucidate
ok,win,star,scale,secure,monitor,drop-in,,emulate
no,try,moon,spark,access,control,sign-off,,engender
go,fly,wind,value,supply,reflect,add-in,,ephemeral
be,pen,rain,trend,verify,advance,check-in,,epiphany
he,sun,door,grow,modify,resolve,low-cost,,equanimity
she,hat,tree,frame,adjust,prepare,well-known,,equivocate
it,bed,fish,craft,enable,operate,high-tech,,erratic
me,car,ship,prime,engage,collect,part-time,,exacerbate
us,pie,desk,shape,ensure,enhance,open-plan,,exculpate
so,tea,wall,forge,update,display,co-worker,,expedient
do,egg,hill,trend,filter,restore,stand-up,,fastidious
if,ant,leaf,chart,select,analyze,check-in,,flout
or,ice,gate,match,record,publish,there,,fortuitous
an,owl,pond,group,format,upgrade,okay,,garrulous
no,bee,cave,brand,assess,connect,hey,,gratuitous
go,fox,rock,style,modify,improve,hi,,guile
hi,elk,clay,focus,review,support,yo,,hegemony
ok,rat,port,guide,expand,develop,shh,,homogeneous
am,hen,deck,share,manage,achieve,psst,,iconoclast
pm,ape,arch,teach,create,perfect,boo,,immutable
tv,emu,beam,learn,design,complex,,impartial
cd,gnu,loop,write,build,awesome,,impeccable
dj,asp,grid,smile,search,improve,,impetuous
mr,elk,pond,study,gather,explore,,implacable
ms,owl,fire,focus,manage,deliver,,implicit
dr,ant,wind,teach,search,improve,,improvident
re,pen,home,smile,create,perfect,,impudent
ex,sky,book,write,design,complex,,incongruous
ad,sea,play,learn,build,awesome,,indigenous
id,run,work,study,gather,explore,,indolent
ox,cat,home,focus,manage,deliver,,insipid
ax,dog,book,share,review,project,,inundate
oh,run,road,guide,expand,support,,lament
ah,sky,park,trust,vision,develop,,laudable
eh,sea,fire,build,format,achieve,,lethargic
uh,air,time,scale,secure,monitor,,malleable
mm,fun,love,spark,access,control,,meticulous
yo,joy,star,trend,verify,advance,,mundane
hi,win,moon,grow,modify,resolve,,obdurate
ok,try,wind,frame,adjust,prepare,,obfuscate
no,fly,rain,craft,enable,operate,,obsequious
go,pen,door,prime,engage,collect,,opulent
be,sun,tree,shape,ensure,enhance,,ostentatious
he,hat,fish,forge,update,display,,paradox
she,bed,ship,trend,filter,restore,,parsimonious
it,car,desk,chart,select,analyze,,pedantic
me,pie,wall,match,record,publish,,pernicious
us,tea,hill,group,format,upgrade,,pragmatic
so,egg,leaf,brand,assess,connect,,precarious
do,ant,gate,style,modify,improve,,preclude
if,ice,pond,focus,review,support,,prodigal
or,owl,cave,guide,expand,develop,,profligate
an,bee,rock,share,manage,achieve,,propensity
no,fox,clay,teach,create,perfect,,provincial
go,elk,port,learn,design,complex,,quandary
hi,rat,deck,write,build,awesome,,recalcitrant
ok,hen,arch,smile,search,improve,,recant