2 Letter Words,3 Letter Words,4 Letter Words,5 Letter Words,6 Letter Words,7 Letter Words,Hyphenated Words,Word and Character Combos
to,the,that,which,their,about,well-being,a1b2
of,and,with,this,would,people,self-esteem,c3d4e
in,for,from,have,other,because,state-of-the-art,f5g6h7
is,but,what,could,should,through,user-friendly,i8j9k0l
it,not,when,there,before,against,decision-making,m1n2o3p4
be,all,some,these,little,example,high-tech,q7r8s9t0u
as,any,many,those,under,problem,cost-effective,v1w2x3y4z
at,one,only,first,around,another,time-saving,A5B6C7D8E
by,use,over,after,number,general,real-time,F9G0H1I2J
on,her,into,might,system,several,long-term,K3L4M5N6O
